name    	annotator1	annotator2	annotator3
annotator1	1	0.8029556650246306	0.7907253269916765
annotator2	0.8029556650246306	1	0.7230514096185738
annotator3	0.7907253269916765	0.7230514096185738	1
